{
	"info": {
		"_postman_id": "6f81289e-09bf-4fb6-a0e4-9449584e6345",
		"name": "job applications",
		"schema": "https://schema.getpostman.com/json/collection/v2.1.0/collection.json",
		"_exporter_id": "4405930"
	},
	"item": [
		{
			"name": "list of jobs applications",
			"request": {
				"method": "GET",
				"header": [
					{
						"key": "Accept",
						"value": "application/json",
						"type": "text"
					},
					{
						"key": "Authorization",
						"value": "{{admin_token}}",
						"type": "text"
					}
				],
				"url": {
					"raw": "{{url}}/api/v1/jobs_applications",
					"host": [
						"{{url}}"
					],
					"path": [
						"api",
						"v1",
						"jobs_applications"
					]
				}
			},
			"response": []
		},
		{
			"name": "get my job application",
			"request": {
				"method": "GET",
				"header": [
					{
						"key": "Accept",
						"value": "application/json",
						"type": "text"
					},
					{
						"key": "Authorization",
						"value": "{{token}}",
						"type": "text"
					}
				],
				"url": {
					"raw": "{{url}}/api/v1/my_applications",
					"host": [
						"{{url}}"
					],
					"path": [
						"api",
						"v1",
						"my_applications"
					]
				}
			},
			"response": []
		},
		{
			"name": "show a job application",
			"request": {
				"method": "GET",
				"header": [
					{
						"key": "Accept",
						"value": "application/json",
						"type": "text"
					},
					{
						"key": "Authorization",
						"value": "{{admin_token}}",
						"type": "text"
					}
				],
				"url": {
					"raw": "{{url}}/api/v1/jobs_applications/1",
					"host": [
						"{{url}}"
					],
					"path": [
						"api",
						"v1",
						"jobs_applications",
						"1"
					]
				}
			},
			"response": []
		},
		{
			"name": "remove a job application",
			"request": {
				"method": "DELETE",
				"header": [
					{
						"key": "Accept",
						"value": "application/json",
						"type": "text"
					},
					{
						"key": "Authorization",
						"value": "{{token}}",
						"type": "text"
					}
				],
				"url": {
					"raw": "{{url}}/api/v1/jobs_applications/1",
					"host": [
						"{{url}}"
					],
					"path": [
						"api",
						"v1",
						"jobs_applications",
						"1"
					]
				}
			},
			"response": []
		},
		{
			"name": "apply to job",
			"request": {
				"method": "POST",
				"header": [
					{
						"key": "Accept",
						"value": "application/json",
						"type": "text"
					},
					{
						"key": "Authorization",
						"value": "{{token}}",
						"type": "text"
					}
				],
				"body": {
					"mode": "raw",
					"raw": "{\n    \"job_id\" : 2\n}",
					"options": {
						"raw": {
							"language": "json"
						}
					}
				},
				"url": {
					"raw": "{{url}}/api/v1/jobs_applications",
					"host": [
						"{{url}}"
					],
					"path": [
						"api",
						"v1",
						"jobs_applications"
					]
				}
			},
			"response": []
		}
	]
}