{
	"info": {
		"_postman_id": "3cf39809-41bd-49a9-ada1-83b8fbbf5670",
		"name": "jobs",
		"schema": "https://schema.getpostman.com/json/collection/v2.1.0/collection.json",
		"_exporter_id": "4405930"
	},
	"item": [
		{
			"name": "create a job",
			"request": {
				"method": "POST",
				"header": [
					{
						"key": "Accept",
						"value": "application/json",
						"type": "text"
					},
					{
						"key": "Authorization",
						"value": "{{admin_token}}",
						"type": "text"
					}
				],
				"body": {
					"mode": "raw",
					"raw": "{\n    \"title\": \"Electrical Engineer\",\n    \"description\": \"Electrical Engineer job description\"\n}",
					"options": {
						"raw": {
							"language": "json"
						}
					}
				},
				"url": {
					"raw": "{{url}}/api/v1/jobs",
					"host": [
						"{{url}}"
					],
					"path": [
						"api",
						"v1",
						"jobs"
					]
				}
			},
			"response": []
		},
		{
			"name": "update a job",
			"request": {
				"method": "PUT",
				"header": [
					{
						"key": "Accept",
						"value": "application/json",
						"type": "text"
					},
					{
						"key": "Authorization",
						"value": "{{admin_token}}",
						"type": "text"
					}
				],
				"body": {
					"mode": "raw",
					"raw": "{\n    \"title\": \"Electrical Engineer\",\n    \"description\": \"Electrical Engineer job description\"\n}",
					"options": {
						"raw": {
							"language": "json"
						}
					}
				},
				"url": {
					"raw": "{{url}}/api/v1/jobs/4",
					"host": [
						"{{url}}"
					],
					"path": [
						"api",
						"v1",
						"jobs",
						"4"
					]
				}
			},
			"response": []
		},
		{
			"name": "delete a job",
			"request": {
				"method": "DELETE",
				"header": [
					{
						"key": "Accept",
						"value": "application/json",
						"type": "text"
					},
					{
						"key": "Authorization",
						"value": "{{admin_token}}",
						"type": "text"
					}
				],
				"url": {
					"raw": "{{url}}/api/v1/jobs/4",
					"host": [
						"{{url}}"
					],
					"path": [
						"api",
						"v1",
						"jobs",
						"4"
					]
				}
			},
			"response": []
		},
		{
			"name": "show a job",
			"request": {
				"method": "GET",
				"header": [
					{
						"key": "Accept",
						"value": "application/json",
						"type": "text"
					},
					{
						"key": "Authorization",
						"value": "{{token}}",
						"type": "text"
					}
				],
				"url": {
					"raw": "{{url}}/api/v1/jobs/1",
					"host": [
						"{{url}}"
					],
					"path": [
						"api",
						"v1",
						"jobs",
						"1"
					]
				}
			},
			"response": []
		},
		{
			"name": "show all jobs",
			"request": {
				"method": "GET",
				"header": [
					{
						"key": "Accept",
						"value": "application/json",
						"type": "text"
					},
					{
						"key": "Authorization",
						"value": "{{token}}",
						"type": "text"
					}
				],
				"url": {
					"raw": "{{url}}/api/v1/jobs",
					"host": [
						"{{url}}"
					],
					"path": [
						"api",
						"v1",
						"jobs"
					]
				}
			},
			"response": []
		}
	]
}