{
	"info": {
		"_postman_id": "11139ca9-c105-4261-893e-53e44306c625",
		"name": "login & registration",
		"schema": "https://schema.getpostman.com/json/collection/v2.1.0/collection.json",
		"_exporter_id": "4405930"
	},
	"item": [
		{
			"name": "login",
			"request": {
				"method": "POST",
				"header": [
					{
						"key": "Accept",
						"value": "application/json",
						"type": "text"
					}
				],
				"body": {
					"mode": "raw",
					"raw": "{\n    \"email\" : \"ahmad@gmail.com\",\n    \"password\" : \"123123\"\n}",
					"options": {
						"raw": {
							"language": "json"
						}
					}
				},
				"url": {
					"raw": "http://127.0.0.1:3000/api/v1/login",
					"protocol": "http",
					"host": [
						"127",
						"0",
						"0",
						"1"
					],
					"port": "3000",
					"path": [
						"api",
						"v1",
						"login"
					]
				}
			},
			"response": []
		},
		{
			"name": "register",
			"request": {
				"method": "POST",
				"header": [
					{
						"key": "Accept",
						"value": "application/json",
						"type": "text"
					}
				],
				"body": {
					"mode": "raw",
					"raw": "{\n    \"name\" : \"Ahmad Adnan\",\n    \"email\" : \"ahmad@gmail.com\",\n    \"password\" : \"123123\",\n    \"password_confirmation\" : \"123123\"\n}",
					"options": {
						"raw": {
							"language": "json"
						}
					}
				},
				"url": {
					"raw": "{{url}}/api/v1/users",
					"host": [
						"{{url}}"
					],
					"path": [
						"api",
						"v1",
						"users"
					]
				}
			},
			"response": []
		}
	]
}